{
    "Input Question": "What is Python ?",
    "Suggested Questions": []
}{
    "Input Question": "1",
    "Suggested Questions": []
}{
    "Input Question": "What is Jugnu ?",
    "Suggested Questions": []
}{
    "Input Question": "",
    "Suggested Questions": []
}{
    "Input Question": "What id poy ?",
    "Suggested Questions": []
}{
    "Input Question": "a",
    "Suggested Questions": []
}{
    "Input Question": "asj ",
    "Suggested Questions": []
}{
    "Input Question": "asf",
    "Suggested Questions": []
}{
    "Input Question": "",
    "Suggested Questions": []
}{
    "Input Question": "s ",
    "Suggested Questions": []
}{
    "Input Question": "e",
    "Suggested Questions": []
}{
    "Input Question": "e",
    "Suggested Questions": []
}{
    "Input Question": "awfs asdv",
    "Suggested Questions": [
        {
            "id": 1,
            "title": "Python",
            "Question": "How to create a classs in Python ?",
            "Similarity score": 0.0,
            "Vector": [
                "creat",
                "classs",
                "python"
            ]
        },
        {
            "id": 2,
            "title": "Java",
            "Question": "What is use of virtual function in java ?",
            "Similarity score": 0.0,
            "Vector": [
                "use",
                "virtual",
                "function",
                "java"
            ]
        },
        {
            "id": 3,
            "title": "Cpp",
            "Question": "What is diamond problem in c++ ?",
            "Similarity score": 0.0,
            "Vector": [
                "diamond",
                "problem",
                "c"
            ]
        },
        {
            "id": 4,
            "title": "Python",
            "Question": "Unable to read int input directly in python ?",
            "Similarity score": 0.0,
            "Vector": [
                "read",
                "int",
                "input",
                "directli",
                "python"
            ]
        },
        {
            "id": 5,
            "title": "Python",
            "Question": "What is python tkinter ?",
            "Similarity score": 0.0,
            "Vector": [
                "python",
                "tkinter"
            ]
        },
        {
            "id": 6,
            "title": "Native Js",
            "Question": "How to operate on Native JS ",
            "Similarity score": 0.0,
            "Vector": [
                "oper",
                "nativ",
                "js"
            ]
        },
        {
            "id": 7,
            "title": "React JS",
            "Question": "Unable to create event in react JS",
            "Similarity score": 0.0,
            "Vector": [
                "creat",
                "event",
                "react",
                "js"
            ]
        },
        {
            "id": 8,
            "title": "C",
            "Question": "In c what is the Use of flush(stdin) ",
            "Similarity score": 0.0,
            "Vector": [
                "c",
                "use",
                "flushstdin"
            ]
        },
        {
            "id": 9,
            "title": "JavaScript",
            "Question": "Unable to implement listner",
            "Similarity score": 0.0,
            "Vector": [
                "implement",
                "listner"
            ]
        },
        {
            "id": 10,
            "title": "Java",
            "Question": "What is Serializable in java",
            "Similarity score": 0.0,
            "Vector": [
                "serializ",
                "java"
            ]
        }
    ]
}{
    "Input Question": "sa",
    "Suggested Questions": [
        {
            "id": 1,
            "title": "Python",
            "Question": "How to create a classs in Python ?",
            "Similarity score": 0.0,
            "Vector": [
                "creat",
                "classs",
                "python"
            ]
        },
        {
            "id": 2,
            "title": "Java",
            "Question": "What is use of virtual function in java ?",
            "Similarity score": 0.0,
            "Vector": [
                "use",
                "virtual",
                "function",
                "java"
            ]
        },
        {
            "id": 3,
            "title": "Cpp",
            "Question": "What is diamond problem in c++ ?",
            "Similarity score": 0.0,
            "Vector": [
                "diamond",
                "problem",
                "c"
            ]
        },
        {
            "id": 4,
            "title": "Python",
            "Question": "Unable to read int input directly in python ?",
            "Similarity score": 0.0,
            "Vector": [
                "read",
                "int",
                "input",
                "directli",
                "python"
            ]
        },
        {
            "id": 5,
            "title": "Python",
            "Question": "What is python tkinter ?",
            "Similarity score": 0.0,
            "Vector": [
                "python",
                "tkinter"
            ]
        },
        {
            "id": 6,
            "title": "Native Js",
            "Question": "How to operate on Native JS ",
            "Similarity score": 0.0,
            "Vector": [
                "oper",
                "nativ",
                "js"
            ]
        },
        {
            "id": 7,
            "title": "React JS",
            "Question": "Unable to create event in react JS",
            "Similarity score": 0.0,
            "Vector": [
                "creat",
                "event",
                "react",
                "js"
            ]
        },
        {
            "id": 8,
            "title": "C",
            "Question": "In c what is the Use of flush(stdin) ",
            "Similarity score": 0.0,
            "Vector": [
                "c",
                "use",
                "flushstdin"
            ]
        },
        {
            "id": 9,
            "title": "JavaScript",
            "Question": "Unable to implement listner",
            "Similarity score": 0.0,
            "Vector": [
                "implement",
                "listner"
            ]
        },
        {
            "id": 10,
            "title": "Java",
            "Question": "What is Serializable in java",
            "Similarity score": 0.0,
            "Vector": [
                "serializ",
                "java"
            ]
        }
    ]
}