{
    "Input Question": "What is HTTP server ?",
    "Similarity Threshhold": 0.1,
    "Suggested Questions": [
        {
            "id": 57459176,
            "title": "Android Studio: Cannot start internal HTTP server",
            "Question": "Can anybody help on below error in Android Studio?  I have tried all the possible way suggested on internet (like turn on/off fireball, re-installed android studio etc.)  Error:\n\"Cannot start internal HTTP server. Git integration, JavaScript debugger and LiveEdit may operate with errors. Please check your firewall settings\" Any help will be appreciated.  ",
            "Similarity score": 0.24618298195866545,
            "Vector": [
                "anybodi",
                "help",
                "error",
                "android",
                "studio",
                "tri",
                "possibl",
                "way",
                "suggest",
                "internet",
                "like",
                "turn",
                "onoff",
                "firebal",
                "reinstal",
                "android",
                "studio",
                "etc",
                "error",
                "start",
                "intern",
                "http",
                "server",
                "git",
                "integr",
                "javascript",
                "debugg",
                "liveedit",
                "may",
                "oper",
                "error",
                "pleas",
                "check",
                "your",
                "firewal",
                "set",
                "help",
                "appreci"
            ]
        },
        {
            "id": 57543234,
            "title": "Excluding all /api.asmx/* from HTTPS redirect on NGINX",
            "Question": "I am trying to exclude URL starting with /api.asmx/* from HTTPS redirect in nginx (all traffic is redirected from HTTP to HTTPS so i want to have /api.asmx/* accessible thru HTTP). sample URL to exclude: I tried this without any success : ",
            "Similarity score": 0.18257418583505536,
            "Vector": [
                "tri",
                "exclud",
                "url",
                "start",
                "apiasmx",
                "http",
                "redirect",
                "nginx",
                "traffic",
                "redirect",
                "http",
                "http",
                "want",
                "apiasmx",
                "access",
                "thru",
                "http",
                "sampl",
                "url",
                "exclud",
                "tri",
                "without",
                "success"
            ]
        },
        {
            "id": 57415354,
            "title": "NgRx Effect infinite loop with chain services",
            "Question": "I have a problem with the effect where I call a service chain and generates an infinite loop of calls.\nThe component generates a dispatch\nThe Effect intercepts the Action and executes the Builder service where inside it runs the Http service that generates an Http call. With the HTTP response I get the http observabke back to the Builder Service and in turn always returns an observer to the effect. The effect creates the positive or negative action. Here the pastebin code Thank you all for the support!!  ",
            "Similarity score": 0.12309149097933272,
            "Vector": [
                "problem",
                "effect",
                "call",
                "servic",
                "chain",
                "gener",
                "infinit",
                "loop",
                "call",
                "compon",
                "gener",
                "dispatch",
                "effect",
                "intercept",
                "action",
                "execut",
                "builder",
                "servic",
                "insid",
                "run",
                "http",
                "servic",
                "gener",
                "http",
                "call",
                "http",
                "respons",
                "get",
                "http",
                "observabk",
                "back",
                "builder",
                "servic",
                "turn",
                "alway",
                "return",
                "observ",
                "effect",
                "effect",
                "creat",
                "posit",
                "neg",
                "action",
                "pastebin",
                "code",
                "thank",
                "you",
                "support"
            ]
        },
        {
            "id": 57560361,
            "title": "Cant connect to peerjs cloud server only in mobile device",
            "Question": "I have wrote a program using peerjs in Ionic 3. I can run them successfully in computer browsers and computer android emulator (successfully connecting other peers and send/receive messages). However, I found there are no connection to cloud server when I am testing it in an android device. This is the result from Chrome DevTools: this.peer.on('open', ...) is not fired. And I have also logged the created \"Peer\" object.\nthe socket property is undefined, _id is null. So, I guess its the connection problem to the cloud server. Anyone has idea? Thanks. ",
            "Similarity score": 0.11043152607484653,
            "Vector": [
                "wrote",
                "program",
                "use",
                "peerj",
                "ionic",
                "3",
                "run",
                "success",
                "comput",
                "browser",
                "comput",
                "android",
                "emul",
                "success",
                "connect",
                "peer",
                "sendrec",
                "messag",
                "howev",
                "found",
                "connect",
                "cloud",
                "server",
                "test",
                "android",
                "devic",
                "result",
                "chrome",
                "devtool",
                "thispeeronopen",
                "fire",
                "also",
                "log",
                "creat",
                "peer",
                "object",
                "socket",
                "properti",
                "undefin",
                "id",
                "null",
                "guess",
                "connect",
                "problem",
                "cloud",
                "server",
                "anyon",
                "idea",
                "thank"
            ]
        }
    ]
}{
    "Input Question": "How to read input in python ?",
    "Similarity Threshhold": 0.1,
    "Suggested Questions": [
        {
            "id": 4,
            "title": "Python",
            "Question": "Unable to read int input directly in py ?",
            "Similarity score": 0.5163977794943222,
            "Vector": [
                "read",
                "int",
                "input",
                "directli",
                "py"
            ]
        },
        {
            "id": 5,
            "title": "Python",
            "Question": "What is python tkinter ?",
            "Similarity score": 0.4082482904638631,
            "Vector": [
                "python",
                "tkinter"
            ]
        },
        {
            "id": 1,
            "title": "Python",
            "Question": "How to create a classs in Python ?",
            "Similarity score": 0.3333333333333333,
            "Vector": [
                "creat",
                "classs",
                "python"
            ]
        }
    ]
}{
    "Input Question": "What is Entellio ?",
    "Similarity Threshhold": 0.1,
    "Suggested Questions": [
        {
            "id": 17,
            "title": "LAB",
            "Question": "How can I contribute to Entellio ?",
            "Similarity score": 0.7071067811865475,
            "Vector": [
                "contribut",
                "entellio"
            ]
        },
        {
            "id": 29,
            "title": "LAB",
            "Question": "Is entellio under development ?",
            "Similarity score": 0.7071067811865475,
            "Vector": [
                "entellio",
                "develop"
            ]
        }
    ]
}{
    "Input Question": "Who is head of Lab",
    "Similarity Threshhold": 0.1,
    "Suggested Questions": [
        {
            "id": 14,
            "title": "LAB",
            "Question": "When was the lab established ?",
            "Similarity score": 0.5,
            "Vector": [
                "lab",
                "establish"
            ]
        },
        {
            "id": 19,
            "title": "LAB",
            "Question": "Who are the divisional heads ?",
            "Similarity score": 0.5,
            "Vector": [
                "division",
                "head"
            ]
        },
        {
            "id": 1,
            "title": "LAB",
            "Question": "What is Maker\u2019s Lab ?",
            "Similarity score": 0.35355339059327373,
            "Vector": [
                "maker",
                "\u2019",
                "s",
                "lab"
            ]
        },
        {
            "id": 6,
            "title": "FUNCTIONING",
            "Question": "How many interns are currently woking in the lab ?",
            "Similarity score": 0.31622776601683794,
            "Vector": [
                "mani",
                "intern",
                "current",
                "woke",
                "lab"
            ]
        },
        {
            "id": 20,
            "title": "TECH M",
            "Question": "Is Jugnu Mam the head of campus connect ?",
            "Similarity score": 0.31622776601683794,
            "Vector": [
                "jugnu",
                "mam",
                "head",
                "campu",
                "connect"
            ]
        },
        {
            "id": 2,
            "title": "LAB",
            "Question": "What are the different divisions in Maker\u2019s Lab ?",
            "Similarity score": 0.2886751345948129,
            "Vector": [
                "differ",
                "divis",
                "maker",
                "\u2019",
                "s",
                "lab"
            ]
        }
    ]
}